{"cameraMode":{"drawMode":0,"name":"Shaded","section":"Shading Mode"},"sceneLighting":false,"audioPlay":false,"sceneViewState":{"showFog":true,"showMaterialUpdate":false,"showSkybox":false,"showFlares":true,"showImageEffects":true,"showParticleSystems":true,"showVisualEffectGraphs":true,"m_FxEnabled":true},"in2DMode":false,"pivot":{"x":1.3669729232788087,"y":10.573413848876954,"z":0.8256378173828125},"rotation":{"x":0.06181700900197029,"y":0.9134688973426819,"z":-0.15153880417346955,"w":0.3725980520248413},"size":10.404326438903809,"orthographic":false}