{"cameraMode":{"drawMode":0,"name":"Shaded","section":"Shading Mode"},"sceneLighting":false,"audioPlay":false,"sceneViewState":{"showFog":true,"showMaterialUpdate":false,"showSkybox":false,"showFlares":true,"showImageEffects":true,"showParticleSystems":true,"showVisualEffectGraphs":true,"m_FxEnabled":true},"in2DMode":false,"pivot":{"x":0.03913789987564087,"y":-1.0637941360473633,"z":-3.8598828315734865},"rotation":{"x":0.04090600833296776,"y":0.7132753133773804,"z":-0.04177422448992729,"w":0.6984514594078064},"size":1.6499617099761963,"orthographic":false}