{"cameraMode":{"drawMode":0,"name":"Shaded","section":"Shading Mode"},"sceneLighting":false,"audioPlay":false,"sceneViewState":{"showFog":true,"showMaterialUpdate":false,"showSkybox":false,"showFlares":true,"showImageEffects":true,"showParticleSystems":true,"showVisualEffectGraphs":true,"m_FxEnabled":true},"in2DMode":false,"pivot":{"x":0.0000013262033462524415,"y":-1.335898518562317,"z":-6.596149444580078},"rotation":{"x":0.04090600833296776,"y":0.7132753133773804,"z":-0.04177422448992729,"w":0.6984514594078064},"size":1.6981596946716309,"orthographic":false}