{"cameraMode":{"drawMode":0,"name":"Shaded","section":"Shading Mode"},"sceneLighting":false,"audioPlay":false,"sceneViewState":{"showFog":true,"showMaterialUpdate":false,"showSkybox":false,"showFlares":true,"showImageEffects":true,"showParticleSystems":true,"showVisualEffectGraphs":true,"m_FxEnabled":true},"in2DMode":false,"pivot":{"x":5.815710067749023,"y":13.660547256469727,"z":68.75456237792969},"rotation":{"x":-0.056967880576848987,"y":-0.008384878747165203,"z":-0.0004922165535390377,"w":0.9983610510826111},"size":32.67693328857422,"orthographic":false}