{"cameraMode":{"drawMode":0,"name":"Shaded","section":"Shading Mode"},"sceneLighting":false,"audioPlay":false,"sceneViewState":{"showFog":true,"showMaterialUpdate":false,"showSkybox":false,"showFlares":true,"showImageEffects":true,"showParticleSystems":true,"showVisualEffectGraphs":true,"m_FxEnabled":true},"in2DMode":false,"pivot":{"x":1217.3582763671875,"y":133.65919494628907,"z":57.023101806640628},"rotation":{"x":0.011971384286880494,"y":-0.07490051537752152,"z":0.0008508690516464412,"w":0.9971754550933838},"size":422.4569091796875,"orthographic":false}