{"cameraMode":{"drawMode":0,"name":"Shaded","section":"Shading Mode"},"sceneLighting":false,"audioPlay":false,"sceneViewState":{"showFog":true,"showMaterialUpdate":false,"showSkybox":false,"showFlares":true,"showImageEffects":true,"showParticleSystems":true,"showVisualEffectGraphs":true,"m_FxEnabled":true},"in2DMode":false,"pivot":{"x":1319.7615966796875,"y":390.74066162109377,"z":78.73904418945313},"rotation":{"x":0.011971384286880494,"y":-0.07490051537752152,"z":0.0008508690516464412,"w":0.9971754550933838},"size":370.1975402832031,"orthographic":false}