{"cameraMode":{"drawMode":0,"name":"Shaded","section":"Shading Mode"},"sceneLighting":false,"audioPlay":false,"sceneViewState":{"showFog":true,"showMaterialUpdate":false,"showSkybox":false,"showFlares":true,"showImageEffects":true,"showParticleSystems":true,"showVisualEffectGraphs":true,"m_FxEnabled":true},"in2DMode":false,"pivot":{"x":1.1920928955078126e-7,"y":-0.6644733548164368,"z":-0.11749643087387085},"rotation":{"x":0.04090600833296776,"y":0.7132753133773804,"z":-0.04177422448992729,"w":0.6984514594078064},"size":0.8225592374801636,"orthographic":false}