{"cameraMode":{"drawMode":0,"name":"Shaded","section":"Shading Mode"},"sceneLighting":false,"audioPlay":false,"sceneViewState":{"showFog":true,"showMaterialUpdate":false,"showSkybox":false,"showFlares":true,"showImageEffects":true,"showParticleSystems":true,"showVisualEffectGraphs":true,"m_FxEnabled":true},"in2DMode":false,"pivot":{"x":1.6391277313232423e-7,"y":-0.7678002119064331,"z":-0.32242417335510256},"rotation":{"x":0.04090600833296776,"y":0.7132753133773804,"z":-0.04177422448992729,"w":0.6984514594078064},"size":2.4721693992614748,"orthographic":false}