{"cameraMode":{"drawMode":0,"name":"Shaded","section":"Shading Mode"},"sceneLighting":false,"audioPlay":false,"sceneViewState":{"showFog":true,"showMaterialUpdate":false,"showSkybox":false,"showFlares":true,"showImageEffects":true,"showParticleSystems":true},"in2DMode":false,"pivot":{"x":4.0,"y":-10.90999984741211,"z":2.6500000953674318},"rotation":{"x":-0.11236836761236191,"y":-0.7032044529914856,"z":0.11406657099723816,"w":-0.6927276849746704},"size":0.20615549385547639,"orthographic":false}