{"cameraMode":{"drawMode":0,"name":"Shaded","section":"Shading Mode"},"sceneLighting":false,"audioPlay":false,"sceneViewState":{"showFog":false,"showMaterialUpdate":false,"showSkybox":false,"showFlares":false,"showImageEffects":false,"showParticleSystems":false,"showVisualEffectGraphs":true,"m_FxEnabled":true},"in2DMode":false,"pivot":{"x":2.1466469764709474,"y":-0.10049033164978028,"z":-3.658863067626953},"rotation":{"x":-0.002645011991262436,"y":0.9948359131813049,"z":-0.02686712145805359,"w":-0.09790951013565064},"size":15.352729797363282,"orthographic":false}