{"cameraMode":{"drawMode":0,"name":"Shaded","section":"Shading Mode"},"sceneLighting":false,"audioPlay":false,"sceneViewState":{"showFog":false,"showMaterialUpdate":false,"showSkybox":false,"showFlares":false,"showImageEffects":false,"showParticleSystems":false,"showVisualEffectGraphs":true,"m_FxEnabled":true},"in2DMode":false,"pivot":{"x":0.028860151767730714,"y":8.168264389038086,"z":-1.0740318298339844},"rotation":{"x":0.00018233826267533004,"y":0.9996979236602783,"z":-0.023395124822854997,"w":0.007793741300702095},"size":13.85214900970459,"orthographic":false}