{"cameraMode":{"drawMode":0,"name":"Shaded","section":"Shading Mode"},"sceneLighting":true,"audioPlay":false,"sceneViewState":{"showFog":true,"showMaterialUpdate":false,"showSkybox":true,"showFlares":true,"showImageEffects":true,"showParticleSystems":true,"showVisualEffectGraphs":true,"m_FxEnabled":true},"in2DMode":false,"pivot":{"x":186.1027374267578,"y":322.35943603515627,"z":-21.9686279296875},"rotation":{"x":-0.013499359600245953,"y":0.001501461723819375,"z":0.00001627993697184138,"w":0.9999158978462219},"size":418.38043212890627,"orthographic":false}