{"cameraMode":{"drawMode":0,"name":"Shaded","section":"Shading Mode"},"sceneLighting":true,"audioPlay":false,"sceneViewState":{"showFog":true,"showMaterialUpdate":false,"showSkybox":true,"showFlares":true,"showImageEffects":true,"showParticleSystems":true,"showVisualEffectGraphs":true,"m_FxEnabled":true},"in2DMode":false,"pivot":{"x":510.0439453125,"y":350.2991027832031,"z":-6.782398223876953},"rotation":{"x":-0.0074997092597186569,"y":0.0015015036333352328,"z":0.000007403269137284951,"w":0.9999790787696838},"size":414.3218078613281,"orthographic":false}