{"cameraMode":{"drawMode":0,"name":"Shaded","section":"Shading Mode"},"sceneLighting":true,"audioPlay":false,"sceneViewState":{"showFog":true,"showMaterialUpdate":false,"showSkybox":true,"showFlares":true,"showImageEffects":true,"showParticleSystems":true,"showVisualEffectGraphs":true,"m_FxEnabled":true},"in2DMode":false,"pivot":{"x":861.4124755859375,"y":221.41465759277345,"z":-13.18408203125},"rotation":{"x":0.017998995259404184,"y":0.002999554155394435,"z":-0.00005394520121626556,"w":0.9998341798782349},"size":494.333740234375,"orthographic":false}