{"cameraMode":{"drawMode":0,"name":"Shaded","section":"Shading Mode"},"sceneLighting":true,"audioPlay":false,"sceneViewState":{"showFog":true,"showMaterialUpdate":false,"showSkybox":true,"showFlares":true,"showImageEffects":true,"showParticleSystems":true,"showVisualEffectGraphs":true,"m_FxEnabled":true},"in2DMode":false,"pivot":{"x":620.0523071289063,"y":279.2484436035156,"z":-6.08013916015625},"rotation":{"x":0.013500195927917958,"y":0.010527461767196656,"z":-0.00018966596690006554,"w":0.9999085068702698},"size":380.1092834472656,"orthographic":false}