{"cameraMode":{"drawMode":0,"name":"Shaded","section":"Shading Mode"},"sceneLighting":true,"audioPlay":false,"sceneViewState":{"showFog":true,"showMaterialUpdate":false,"showSkybox":true,"showFlares":true,"showImageEffects":true,"showParticleSystems":true,"showVisualEffectGraphs":true,"m_FxEnabled":true},"in2DMode":false,"pivot":{"x":314.84295654296877,"y":475.07391357421877,"z":4.895973205566406},"rotation":{"x":0.008397486060857773,"y":-0.008999562822282315,"z":0.00007561963138869032,"w":0.9999256134033203},"size":100.97779083251953,"orthographic":false}